id;hash_identificador;id_pedido;codigo_contratacion;nro_licitacion;_estado;estado;convocante_slug;convocante_codigo;convocante;unidad_contratacion;nro_orden_compra;ruc;proveedor;monto;_moneda;moneda;fecha_orden_compra;id_padre;planificacion_slug;convenio_slug;tipo_operacion_convenio
k%2F%2BZZSE088bTrVW1gQyRKc6azv5Z%2BT0yQCbHuLucvvnEMaLXG%2FnqOA%3D%3D;a95fbaa9c78ea9ddce3bf17fa91e049921235427;pz7%2FqTuBaJk%3D;AM-12003-26-61691;395261;confirmada;confirmada;ministerio-interior;299;"Ministerio del Interior";"Policia Nacional";1050-2026-4;80001446-4;"VICENTE SCAVONE & CIA. S.A.E";96000000;PYG;Guaraníes;"2026-03-04 14:22:00";dix2iRRDbik%3D;1f11717d-cd68-637a-a90f-7db3ff72c882;9c7817cf-0320-4392-97b6-4af56547dbea;covid-19
k%2F%2BZZSE088ZhZ5dw9X%2BKvGU%2FSHpHgUKJQCbHuLucvvnEMaLXG%2FnqOA%3D%3D;e793a0513c1543a2427c037c6ba7c218fd27fdf3;pz7%2FqTuBaJk%3D;AM-12003-26-61690;395261;confirmada;confirmada;ministerio-interior;299;"Ministerio del Interior";"Policia Nacional";1050-2026-3;80074991-0;"QUIMFA S.A.";175500000;PYG;Guaraníes;"2026-03-04 14:19:40";dix2iRRDbik%3D;1f11717d-cd68-637a-a90f-7db3ff72c882;9c7817cf-0320-4392-97b6-4af56547dbea;covid-19
x8%2BwPqSgV0MPdKIuT6a0kqJhqST%2F3CxCl%2F%2BiR64%2FlP8b1YD7N9jFog%3D%3D;a271541727a2eed57f699db42331ee916d2b426b;%2FUNSRFlPjxg%3D;AM-12008-26-61390;395261;confirmada;confirmada;ministerio-salud-publica-bienestar-social;306;"Ministerio de Salud Pública y Bienestar Social";"Uoc Nro 1  Nivel Central (D.O.C)";1451-2026-3;80001446-4;"VICENTE SCAVONE & CIA. S.A.E";4257000000;PYG;Guaraníes;"2026-02-23 08:00:20";dix2iRRDbik%3D;;9c7817cf-0320-4392-97b6-4af56547dbea;covid-19
%2FzusKqyhXGu0LR%2B9orpCMWcLlNVC7Zhh%2FvLxrWEqN3TjqVy%2BnxVseg%3D%3D;020dd8e50c2e4c651f2efec754abb690502cc656;wQHvURng9Kk%3D;AM-12008-26-61389;395261;confirmada;confirmada;ministerio-salud-publica-bienestar-social;306;"Ministerio de Salud Pública y Bienestar Social";"Uoc Nro 1  Nivel Central (D.O.C)";1451-2026-2;80001446-4;"VICENTE SCAVONE & CIA. S.A.E";3326400000;PYG;Guaraníes;"2026-02-23 07:59:12";dix2iRRDbik%3D;;9c7817cf-0320-4392-97b6-4af56547dbea;covid-19
vovtEIulkM3BiA6ZDUB0iY7OtWaSomqUVcA4SF6%2FddII%2Fn0vzg5Uew%3D%3D;850e506d05484f3060660901979d01fb4fd939a0;Eer%2FZMSfNv8%3D;AM-12008-26-61388;395261;confirmada;confirmada;ministerio-salud-publica-bienestar-social;306;"Ministerio de Salud Pública y Bienestar Social";"Uoc Nro 1  Nivel Central (D.O.C)";1451-2026-1;80074991-0;"QUIMFA S.A.";4959000000;PYG;Guaraníes;"2026-02-23 07:58:07";dix2iRRDbik%3D;;9c7817cf-0320-4392-97b6-4af56547dbea;covid-19
3b%2BtyiTgTM64%2BuYTesp6CRLN%2FK6XZci4aCoSg4lpk45xQ3tbBYgoow%3D%3D;db688decb7045b9b44aaf9d68d5e6292825193c2;kFzW3bH7m%2Fs%3D;AM-12008-25-60678;395261;confirmada;confirmada;ministerio-salud-publica-bienestar-social;306;"Ministerio de Salud Pública y Bienestar Social";"Uoc Nro 1  Nivel Central (D.O.C)";1451-2025-719;80074991-0;"QUIMFA S.A.";1596000000;PYG;Guaraníes;"2025-12-10 13:49:47";dix2iRRDbik%3D;;9c7817cf-0320-4392-97b6-4af56547dbea;covid-19
agNobx%2BeIkNKyHBDEwemx%2FtQh1pH2sBMhug92F2PqtWiCAyLVifQuQ%3D%3D;8055009b2d1e2944fe0ec22de6d8e48503a87866;o%2F7VU7GxD0g%3D;AM-12003-25-59901;395261;confirmada;confirmada;ministerio-interior;299;"Ministerio del Interior";"Policia Nacional";1050-2025-1119;80001446-4;"VICENTE SCAVONE & CIA. S.A.E";25000000;PYG;Guaraníes;"2025-12-03 06:43:39";dix2iRRDbik%3D;1f004163-6d6e-629a-81b9-d7da19dac0a5;9c7817cf-0320-4392-97b6-4af56547dbea;covid-19
PlOAmNx2610fBBNV6L%2FO5SwwLxh%2F9tmuLQEY72vQfekxSLhbvjGk4A%3D%3D;ea4953ce008875f588d621262d33c8e494dd278e;4PnxqcCbJOo%3D;AM-24001-25-59874;395261;confirmada;confirmada;instituto-prevision-social;157;"Instituto de Previsión Social";"Uoc Ips";1321-2025-34;80074991-0;"QUIMFA S.A.";1600200000;PYG;Guaraníes;"2025-12-02 15:11:56";dix2iRRDbik%3D;;9c7817cf-0320-4392-97b6-4af56547dbea;covid-19
PlOAmNx2613gDwZrMvmBE4DGP5T5%2FpuPLQEY72vQfekxSLhbvjGk4A%3D%3D;d57d1513680cfd7f8921529abc8229289c6a5836;4PnxqcCbJOo%3D;AM-24001-25-59873;395261;confirmada;confirmada;instituto-prevision-social;157;"Instituto de Previsión Social";"Uoc Ips";1321-2025-33;80001446-4;"VICENTE SCAVONE & CIA. S.A.E";405000000;PYG;Guaraníes;"2025-12-02 15:10:19";dix2iRRDbik%3D;;9c7817cf-0320-4392-97b6-4af56547dbea;covid-19
TjvaqyHxjaWER7KDTMDMMI6FF9R1PcBNzwdrve2JvFIUXe%2B1Oqmgcg%3D%3D;c6e5b19dbffad4db62503d5736599e7efa05e3d8;A3kmwHK%2BnoM%3D;AM-28001-25-59733;395261;confirmada;confirmada;universidad-nacional-asuncion;226;"Universidad Nacional de Asunción";"Facultad de Ciencias Medicas";1360-2025-180;80074991-0;"QUIMFA S.A.";137700000;PYG;Guaraníes;"2025-12-01 12:48:07";dix2iRRDbik%3D;1eff501e-cbd1-6814-ba6b-3150ff69b727;9c7817cf-0320-4392-97b6-4af56547dbea;covid-19
woer5UEwAKmTDbGqOPeubcaIWML9FfmV621RfiV%2FecQtwP9xC4c%2BKw%3D%3D;b05095c803a537d9deda5b14ef1167c790376ac2;nB5wiEMudZE%3D;AM-28001-25-59260;395261;confirmada;confirmada;universidad-nacional-asuncion;226;"Universidad Nacional de Asunción";"Facultad de Ciencias Medicas";1360-2025-172;80051446-7;"INTERLABO S.R.L.";157500000;PYG;Guaraníes;"2025-11-25 11:54:29";dix2iRRDbik%3D;1eff501e-cbd1-6814-ba6b-3150ff69b727;9c7817cf-0320-4392-97b6-4af56547dbea;covid-19
icXJgdIEN4wnebdjoD4aGX5vi6%2FIWMrji4%2BlswVO45mvPhR0V7z%2BSw%3D%3D;b0c9331fcf5d06dd6b6f361621e88a1074be32f8;wFff%2B9yniVE%3D;AM-28001-25-59258;395261;confirmada;confirmada;universidad-nacional-asuncion;226;"Universidad Nacional de Asunción";"Facultad de Ciencias Medicas";1360-2025-173;80001446-4;"VICENTE SCAVONE & CIA. S.A.E";153000000;PYG;Guaraníes;"2025-11-25 11:51:14";dix2iRRDbik%3D;1eff501e-cbd1-6814-ba6b-3150ff69b727;9c7817cf-0320-4392-97b6-4af56547dbea;covid-19
hnqUQ8PipTGc1ULykt3HWikNqQPrpJ6H94PpRBmuJ%2BQijMqS1nwqxg%3D%3D;8f23a86d58c86e04f08a52f2c4af4bf853499ad7;7gGxMP7I8LU%3D;AM-12008-25-58831;395261;confirmada;confirmada;ministerio-salud-publica-bienestar-social;306;"Ministerio de Salud Pública y Bienestar Social";"Uoc Nro 1  Nivel Central (D.O.C)";1451-2025-697;80001446-4;"VICENTE SCAVONE & CIA. S.A.E";747000000;PYG;Guaraníes;"2025-11-19 14:41:39";dix2iRRDbik%3D;1efd420f-4c7c-64ac-afc1-155542086bcf;9c7817cf-0320-4392-97b6-4af56547dbea;covid-19
hnqUQ8PipTHqOgmRx9kkTBBGexdA%2FcOy94PpRBmuJ%2BQijMqS1nwqxg%3D%3D;92f880b9edff094c8811d1949155c1793bb15e25;7gGxMP7I8LU%3D;AM-12008-25-58830;395261;confirmada;confirmada;ministerio-salud-publica-bienestar-social;306;"Ministerio de Salud Pública y Bienestar Social";"Uoc Nro 1  Nivel Central (D.O.C)";1451-2025-698;80074991-0;"QUIMFA S.A.";1188000000;PYG;Guaraníes;"2025-11-19 14:39:37";dix2iRRDbik%3D;1efd420f-4c7c-64ac-afc1-155542086bcf;9c7817cf-0320-4392-97b6-4af56547dbea;covid-19
BgWzdgVejaMAdhBvaCwz2%2FYiVvzCDCiQk0pxYCaw8aBo0sV9tnziRw%3D%3D;c5db687f41328a941dfed1814dcc1cfb8dba458a;CCEMFbdUxCQ%3D;AM-12008-25-58741;395261;confirmada;confirmada;ministerio-salud-publica-bienestar-social;306;"Ministerio de Salud Pública y Bienestar Social";"Uoc Nro 1  Nivel Central (D.O.C)";1451-2025-683;80074991-0;"QUIMFA S.A.";1596000000;PYG;Guaraníes;"2025-11-18 13:39:01";dix2iRRDbik%3D;1efd420f-4c7c-64ac-afc1-155542086bcf;9c7817cf-0320-4392-97b6-4af56547dbea;covid-19
hkvqVVh34%2BwkkL3J9DI5nZlqyoR6SnaEOK31iu1zFQ1WGyAx3nJM%2FA%3D%3D;4fc7e5779548cd3128e7c892e750c1c6bdc8159c;f30a%2B%2BiMLuc%3D;AM-12005-25-57636;395261;confirmada;confirmada;ministerio-defensa-nacional;304;"Ministerio de Defensa Nacional";"Comando Logistico Uoc 5";1028-2025-458;80001446-4;"VICENTE SCAVONE & CIA. S.A.E";14400000;PYG;Guaraníes;"2025-11-03 10:37:36";dix2iRRDbik%3D;;9c7817cf-0320-4392-97b6-4af56547dbea;covid-19
WKGJhKaWk0TxbURZ1D2wlJsDCMq0PgRixImiXJkHDCDZsjbDhPDruA%3D%3D;2bb0f64f1512950c766d96d627238c8c3915ea6a;w5f3Q2BxcKo%3D;AM-12003-25-56140;395261;confirmada;confirmada;ministerio-interior;299;"Ministerio del Interior";"Policia Nacional";1050-2025-776;80001446-4;"VICENTE SCAVONE & CIA. S.A.E";232080000;PYG;Guaraníes;"2025-10-08 11:41:22";dix2iRRDbik%3D;1f004163-6d6e-629a-81b9-d7da19dac0a5;9c7817cf-0320-4392-97b6-4af56547dbea;covid-19
U%2BEP9z2IDzpWBmO56Nov9hioJmkbp6TP%2BqkH7vo0W%2BN%2FW8iB%2Fq0lLQ%3D%3D;c668fe12df0cfdb23f324e43ebafa88d02086703;bUTcNvPNsh4%3D;AM-28001-25-55841;395261;confirmada;confirmada;universidad-nacional-asuncion;226;"Universidad Nacional de Asunción";"Facultad de Ciencias Medicas";1360-2025-136;80001446-4;"VICENTE SCAVONE & CIA. S.A.E";231500000;PYG;Guaraníes;"2025-10-02 10:44:51";dix2iRRDbik%3D;1eff501e-cbd1-6814-ba6b-3150ff69b727;9c7817cf-0320-4392-97b6-4af56547dbea;covid-19
54Axk4TEdh6rmdQ8fPMZ1cAVuIW3bSiGox%2FiKWxE4oGxnizEd1XnDQ%3D%3D;2ed1e8096813ce6da051e1d398b4ce3d30de035a;RSoXm08jCJI%3D;AM-12008-25-54697;395261;confirmada;confirmada;ministerio-salud-publica-bienestar-social;306;"Ministerio de Salud Pública y Bienestar Social";"Uoc Nro 1  Nivel Central (D.O.C)";1451-2025-606;80006850-5;"MATHER COMPANY SRL";1532160000;PYG;Guaraníes;"2025-09-11 09:57:23";dix2iRRDbik%3D;1efd420f-4c7c-64ac-afc1-155542086bcf;9c7817cf-0320-4392-97b6-4af56547dbea;covid-19
eajSAbIfqjSjQSXiVna7x4Rp70FpBFarA58Mmwb26q8AbB6NmfsflQ%3D%3D;270b1052ce96fcf862bd0083ade9da1b954db4dc;gtcsYHW3Mvc%3D;AM-12008-25-54239;395261;confirmada;confirmada;ministerio-salud-publica-bienestar-social;306;"Ministerio de Salud Pública y Bienestar Social";"Uoc Nro 1  Nivel Central (D.O.C)";1451-2025-592;80074991-0;"QUIMFA S.A.";1470000000;PYG;Guaraníes;"2025-09-02 10:57:31";dix2iRRDbik%3D;1efd420f-4c7c-64ac-afc1-155542086bcf;9c7817cf-0320-4392-97b6-4af56547dbea;covid-19
CFMYk5OJRQEFwHOJ3mCFfh5bwKPMk46EEWL%2BCifRZxkJhfRH%2B61l4w%3D%3D;f3beb4f8ac3e2d47d45540da6aad5a9096561eb4;qibxNJuqHPw%3D;AM-12003-25-53517;395261;confirmada;confirmada;ministerio-interior;299;"Ministerio del Interior";"Policia Nacional";1050-2025-592;80074991-0;"QUIMFA S.A.";148500000;PYG;Guaraníes;"2025-08-19 09:39:25";dix2iRRDbik%3D;1f004163-6d6e-629a-81b9-d7da19dac0a5;9c7817cf-0320-4392-97b6-4af56547dbea;covid-19
0Y8g9J2Nw%2BnXsgXuurGbGbLFS%2BZkv%2Bc7rHIM2ANQn0oOAaJ4pHIQLA%3D%3D;d5bf5ef35499db08e5c04fff0ffa5f53ac073f39;A2DK5VztSnI%3D;AM-12008-25-53513;395261;confirmada;confirmada;ministerio-salud-publica-bienestar-social;306;"Ministerio de Salud Pública y Bienestar Social";"Uoc Nro 1  Nivel Central (D.O.C)";1451-2025-588;80001446-4;"VICENTE SCAVONE & CIA. S.A.E";3361500000;PYG;Guaraníes;"2025-08-19 09:30:31";dix2iRRDbik%3D;1efd420f-4c7c-64ac-afc1-155542086bcf;9c7817cf-0320-4392-97b6-4af56547dbea;covid-19
DWkEtRwlqtgIYaCNICSRjYBB658dYXu3qLRQ6WwnDWcgHWTJu09COQ%3D%3D;1934247760dc785af6284092c1c9624990f9de9f;KmWuadHylDU%3D;AM-24001-25-53009;395261;confirmada;confirmada;instituto-prevision-social;157;"Instituto de Previsión Social";"Uoc Ips";1321-2025-20;80001446-4;"VICENTE SCAVONE & CIA. S.A.E";804480000;PYG;Guaraníes;"2025-08-06 08:37:57";dix2iRRDbik%3D;;9c7817cf-0320-4392-97b6-4af56547dbea;covid-19
pfKKUmrAEBDca8%2Bpuf11wRhYfAsQYqCH1iYz%2B3KRq6zLXEucNPaQ3w%3D%3D;ed9335ef13a9e6e87aaa4ae221626c47cf262be0;Wx5gM%2BxdfgM%3D;AM-28001-25-51839;395261;confirmada;confirmada;universidad-nacional-asuncion;226;"Universidad Nacional de Asunción";"Facultad de Ciencias Medicas";1360-2025-81;80074991-0;"QUIMFA S.A.";123750000;PYG;Guaraníes;"2025-07-15 11:38:26";dix2iRRDbik%3D;1eff501e-cbd1-6814-ba6b-3150ff69b727;9c7817cf-0320-4392-97b6-4af56547dbea;covid-19
PAQrjFeGtINlID1CE2a7ygu4L8EN45%2FWvU1cBc%2FDaG3mA6yC%2FQ6KgA%3D%3D;7539a6bcd332560554372e63ae587a9885793050;Vbn7tBzJlW0%3D;AM-28001-25-51696;395261;confirmada;confirmada;universidad-nacional-asuncion;226;"Universidad Nacional de Asunción";"Facultad de Ciencias Medicas";1360-2025-79;80074991-0;"QUIMFA S.A.";283500000;PYG;Guaraníes;"2025-07-11 11:08:12";dix2iRRDbik%3D;1eff501e-cbd1-6814-ba6b-3150ff69b727;9c7817cf-0320-4392-97b6-4af56547dbea;covid-19
LgQ7Lvabmu9jo%2F%2FVuU%2F3q8crSsmMYd9aYH5Sa88wPqOTprOXvQoUfg%3D%3D;014ff1cb8503a051184261bd1d1123b60a00d008;nvJY76gEVCI%3D;AM-12008-25-51687;395261;confirmada;confirmada;ministerio-salud-publica-bienestar-social;306;"Ministerio de Salud Pública y Bienestar Social";"Uoc Nro 1  Nivel Central (D.O.C)";1451-2025-530;80006850-5;"MATHER COMPANY SRL";3192000000;PYG;Guaraníes;"2025-07-11 10:23:13";dix2iRRDbik%3D;1efd420f-4c7c-64ac-afc1-155542086bcf;9c7817cf-0320-4392-97b6-4af56547dbea;covid-19
x5dc9SX9mYVYnM2K7dITp9Fh60WrUYitBB4QusYumF3BGOup8RuGmw%3D%3D;bb3b5adf6b96868d7b2209e2d4ee9e15f2a60c7f;EiCt6Cw%2Fal8%3D;AM-12008-25-51685;395261;confirmada;confirmada;ministerio-salud-publica-bienestar-social;306;"Ministerio de Salud Pública y Bienestar Social";"Uoc Nro 1  Nivel Central (D.O.C)";1451-2025-529;80074991-0;"QUIMFA S.A.";2385000000;PYG;Guaraníes;"2025-07-11 10:16:56";dix2iRRDbik%3D;1efd420f-4c7c-64ac-afc1-155542086bcf;9c7817cf-0320-4392-97b6-4af56547dbea;covid-19
zv1tiFP6ME%2FvB8JhiF%2FP2xhOXG4DpuQYZXsRmaPK8M416nnF7Bnpuw%3D%3D;06427207da683f3344000d580f52ff27ad2f98de;QRW9rtZdUBM%3D;AM-12008-25-51684;395261;confirmada;confirmada;ministerio-salud-publica-bienestar-social;306;"Ministerio de Salud Pública y Bienestar Social";"Uoc Nro 1  Nivel Central (D.O.C)";1451-2025-528;80001446-4;"VICENTE SCAVONE & CIA. S.A.E";1004250000;PYG;Guaraníes;"2025-07-11 10:14:48";dix2iRRDbik%3D;1efd420f-4c7c-64ac-afc1-155542086bcf;9c7817cf-0320-4392-97b6-4af56547dbea;covid-19
ZHMfE6yKs%2BczM77nD%2Byfm6dqH9Wyz3tKbJch0RfYNho6X1TES6U0AQ%3D%3D;7f8f236305b5cf1dd4a752049e5f30c09419a4d6;%2B2ufoAq3kjc%3D;AM-24001-25-50883;395261;confirmada;confirmada;instituto-prevision-social;157;"Instituto de Previsión Social";"Uoc Ips";1321-2025-14;80074991-0;"QUIMFA S.A.";2580000000;PYG;Guaraníes;"2025-06-24 15:16:15";dix2iRRDbik%3D;;9c7817cf-0320-4392-97b6-4af56547dbea;covid-19
8fYg5wKnGk6GEV1FbsjcgJcj7OxbqKLMN35dYQMO0MXq8wVKNJnOrQ%3D%3D;b8898d5c6afbecc4ff0465e7e93740f7ab821f89;zpwXpgpktVw%3D;AM-12003-25-50423;395261;confirmada;confirmada;ministerio-interior;299;"Ministerio del Interior";"Policia Nacional";1050-2025-396;80051446-7;"INTERLABO S.R.L.";22950000;PYG;Guaraníes;"2025-06-12 15:23:25";dix2iRRDbik%3D;1f004163-6d6e-629a-81b9-d7da19dac0a5;9c7817cf-0320-4392-97b6-4af56547dbea;covid-19
kiNK6%2BtN5TUaGTpV18Kn3Ad427M%2BFM3vvDtNX7UxOdboIBxYGJKPaw%3D%3D;8de9771c95fca1b93a50c016bca8a4e4bdfd49a7;sMFZuibhTI8%3D;AM-28001-25-49895;395261;confirmada;confirmada;universidad-nacional-asuncion;226;"Universidad Nacional de Asunción";"Facultad de Ciencias Medicas";1360-2025-65;80074991-0;"QUIMFA S.A.";159600000;PYG;Guaraníes;"2025-06-03 10:16:27";dix2iRRDbik%3D;1eff501e-cbd1-6814-ba6b-3150ff69b727;9c7817cf-0320-4392-97b6-4af56547dbea;covid-19
PrnuEP%2B6xhnhK3c45IV9KnBKOaCFwg%2FjqaUk5%2FGlYvrj2pbCauviMQ%3D%3D;8e86b3c02d7f624f3d8e159d48fa8fc68c003fc3;r3aRsRRIBc0%3D;AM-12008-25-48568;395261;confirmada;confirmada;ministerio-salud-publica-bienestar-social;306;"Ministerio de Salud Pública y Bienestar Social";"Uoc Nro 1  Nivel Central (D.O.C)";1451-2025-444;80001446-4;"VICENTE SCAVONE & CIA. S.A.E";927000000;PYG;Guaraníes;"2025-05-09 10:22:11";dix2iRRDbik%3D;1efd420f-4c7c-64ac-afc1-155542086bcf;9c7817cf-0320-4392-97b6-4af56547dbea;covid-19
x%2B%2FulI6LDMiUu9Goibifa4isxS19CfHiNGpPjTTXoOPq7yksvAUtPA%3D%3D;1c86a4d081c9f593c2a6f9e6370c545689dde4f6;Q01ixxh4CMo%3D;AM-12003-25-47977;395261;confirmada;confirmada;ministerio-interior;299;"Ministerio del Interior";"Policia Nacional";1050-2025-261;80051446-7;"INTERLABO S.R.L.";8137500;PYG;Guaraníes;"2025-04-28 13:16:29";dix2iRRDbik%3D;1f004163-6d6e-629a-81b9-d7da19dac0a5;9c7817cf-0320-4392-97b6-4af56547dbea;covid-19
0rdC0ZyZEqwM2M1FQm6PEuBdMSaoe0jyqAQVSPLq9QIowB10CFfOsw%3D%3D;2863e8fccb25182171211259337e1d3b7c031029;%2FzV8BPsMhCE%3D;AM-12008-25-45940;395261;confirmada;confirmada;ministerio-salud-publica-bienestar-social;306;"Ministerio de Salud Pública y Bienestar Social";"Uoc Nro 1  Nivel Central (D.O.C)";1451-2025-401;80001446-4;"VICENTE SCAVONE & CIA. S.A.E";675000000;PYG;Guaraníes;"2025-03-21 14:57:09";dix2iRRDbik%3D;1efd420f-4c7c-64ac-afc1-155542086bcf;9c7817cf-0320-4392-97b6-4af56547dbea;covid-19
5S5Oh8LTCpv2y4S%2FO2udZuWzSe3kJoBRDlVa1nYtr9SwdbkWHlza0Q%3D%3D;c041d7fa862f1f29407617e07e40989af7fd003b;fGFOr1y1udc%3D;AM-12003-25-44958;395261;confirmada;confirmada;ministerio-interior;299;"Ministerio del Interior";"Policia Nacional";1050-2025-88;80074991-0;"QUIMFA S.A.";105300000;PYG;Guaraníes;"2025-02-28 09:49:47";dix2iRRDbik%3D;;9c7817cf-0320-4392-97b6-4af56547dbea;covid-19
Xm1vtpfyNFRTJbx6Si9yAcxJkaSSARp8CoKe5S%2Fk7sDD1t%2FaRyOo%2Fw%3D%3D;aac1ecacfe6ab2c7c9e85934a93fd06c90bf21e2;jVlKM%2FJIj2Q%3D;AM-12008-25-44283;395261;confirmada;confirmada;ministerio-salud-publica-bienestar-social;306;"Ministerio de Salud Pública y Bienestar Social";"Uoc Nro 1  Nivel Central (D.O.C)";1451-2025-3;80074991-0;"QUIMFA S.A.";2100000000;PYG;Guaraníes;"2025-01-28 17:42:00";dix2iRRDbik%3D;1efd420f-4c7c-64ac-afc1-155542086bcf;9c7817cf-0320-4392-97b6-4af56547dbea;covid-19
Xm1vtpfyNFQCLyNkjMzI2fz%2FqlqtG86YCoKe5S%2Fk7sDD1t%2FaRyOo%2Fw%3D%3D;53a8466b7ac130d43f033be2ede688dbd8ee44c3;jVlKM%2FJIj2Q%3D;AM-12008-25-44282;395261;confirmada;confirmada;ministerio-salud-publica-bienestar-social;306;"Ministerio de Salud Pública y Bienestar Social";"Uoc Nro 1  Nivel Central (D.O.C)";1451-2025-2;80001446-4;"VICENTE SCAVONE & CIA. S.A.E";675000000;PYG;Guaraníes;"2025-01-28 17:40:50";dix2iRRDbik%3D;1efd420f-4c7c-64ac-afc1-155542086bcf;9c7817cf-0320-4392-97b6-4af56547dbea;covid-19
coe5oP14Aw3kD%2BAFcDVN5zuBVaoDURk9g2a5brGdYPpHpfUlNufczA%3D%3D;5ef9358a016be0fc2475c3ed1833dc412e1528d1;B7PO8Thc9h0%3D;AM-12003-24-42795;395261;confirmada;confirmada;ministerio-interior;299;"Ministerio del Interior";"Policia Nacional";1050-2024-990;80051446-7;"INTERLABO S.R.L.";46800000;PYG;Guaraníes;"2024-12-02 13:03:10";dix2iRRDbik%3D;1eee84e2-804e-6436-977e-9543c1ce9733;9c7817cf-0320-4392-97b6-4af56547dbea;covid-19
coe5oP14Aw333ifS0qL%2Fls6aEejRwkrAg2a5brGdYPpHpfUlNufczA%3D%3D;969286ae999a9cb528c6b9155a7c44f22a8ffef0;B7PO8Thc9h0%3D;AM-12003-24-42794;395261;confirmada;confirmada;ministerio-interior;299;"Ministerio del Interior";"Policia Nacional";1050-2024-991;80006850-5;"MATHER COMPANY SRL";162000000;PYG;Guaraníes;"2024-12-02 13:01:10";dix2iRRDbik%3D;1eee84e2-804e-6436-977e-9543c1ce9733;9c7817cf-0320-4392-97b6-4af56547dbea;covid-19
KoYQuGetLjNaBJotd7iqy%2BiDzbFP95S7NpSDTnLhcFPn5jZZzFLZIQ%3D%3D;a9eb0bb0b613abaf96f8ab95b47f5b786a15577e;jVht%2Bx8EJZA%3D;AM-12008-24-42153;395261;confirmada;confirmada;ministerio-salud-publica-bienestar-social;306;"Ministerio de Salud Pública y Bienestar Social";"Uoc Nro 1  Nivel Central (D.O.C)";1451-2024-342;80074991-0;"QUIMFA S.A.";1890000000;PYG;Guaraníes;"2024-11-25 09:37:43";dix2iRRDbik%3D;;9c7817cf-0320-4392-97b6-4af56547dbea;covid-19
wpuvW4FfS2q95U24KrmOQ4m3iyJBUuSrkk8xFMuQR0T6kiWjEnr7eA%3D%3D;f4ace110d10daf755c7c2b7964c590cd3d46bae6;BO%2BER4Gw7RQ%3D;AM-24001-24-42134;395261;confirmada;confirmada;instituto-prevision-social;157;"Instituto de Previsión Social";"Uoc Ips";1321-2024-18;80074991-0;"QUIMFA S.A.";2862000000;PYG;Guaraníes;"2024-11-25 08:39:57";dix2iRRDbik%3D;;9c7817cf-0320-4392-97b6-4af56547dbea;covid-19
L5pMTBb3cEHSEG8XFgcEkPwHpxb7qDUhdjpnylZLaEB08Yazlr433A%3D%3D;e5eaa7f994265fe39141b04c4d9b0718bc352f38;dQpmfmyL90I%3D;AM-12008-24-41767;395261;confirmada;confirmada;ministerio-salud-publica-bienestar-social;306;"Ministerio de Salud Pública y Bienestar Social";"Uoc Nro 1  Nivel Central (D.O.C)";1451-2024-341;80006850-5;"MATHER COMPANY SRL";2070000000;PYG;Guaraníes;"2024-11-19 16:44:56";dix2iRRDbik%3D;;9c7817cf-0320-4392-97b6-4af56547dbea;covid-19
oWyCUlrco6bi711ELTE9bCA5yVr7u6Yq%2FjZv%2BhU21sIxXDeR9X4vDw%3D%3D;f681c9547dcf152c50b02d08d20060e1d897c3f1;C7UW46hkfKY%3D;AM-12008-24-41343;395261;confirmada;confirmada;ministerio-salud-publica-bienestar-social;306;"Ministerio de Salud Pública y Bienestar Social";"Uoc Nro 1  Nivel Central (D.O.C)";1451-2024-327;80074991-0;"QUIMFA S.A.";87500000;PYG;Guaraníes;"2024-11-13 15:37:33";dix2iRRDbik%3D;;9c7817cf-0320-4392-97b6-4af56547dbea;covid-19
UF4Y7Foa0Nqf3mVGvalUZgBhFF%2BbBmzv6AKOMns6Iy7nTqh1nBhe3A%3D%3D;48b670d311bc3a25fb98754ad5b37872ecb61a91;5MveR23OaVk%3D;AM-12008-24-40515;395261;confirmada;confirmada;ministerio-salud-publica-bienestar-social;306;"Ministerio de Salud Pública y Bienestar Social";"Instituto Nacional del Cancer";1431-2024-63;80001446-4;"VICENTE SCAVONE & CIA. S.A.E";42000000;PYG;Guaraníes;"2024-11-01 07:58:29";dix2iRRDbik%3D;;9c7817cf-0320-4392-97b6-4af56547dbea;covid-19
ifxUTu5JlLMHe4r30LcfOVa5WjXQrDnBPzqoxxd90VEIirz%2BpRBP7A%3D%3D;2d0bc034fafc08a93561314109ee15def771994e;1fKSHvOJpZQ%3D;AM-12008-24-39696;395261;confirmada;confirmada;ministerio-salud-publica-bienestar-social;306;"Ministerio de Salud Pública y Bienestar Social";"Uoc Nro 1  Nivel Central (D.O.C)";1451-2024-251;80001446-4;"VICENTE SCAVONE & CIA. S.A.E";525000000;PYG;Guaraníes;"2024-10-22 09:02:04";dix2iRRDbik%3D;1eeeb039-51b9-6daa-91e6-1d61eebef17d;9c7817cf-0320-4392-97b6-4af56547dbea;covid-19
ixd9hdPbganbHvVZZuzUf9zyyqu1RuoT54yVlWQVVai4COrXZEczDg%3D%3D;3903736a4afeb799ced48266bc89b338bc29447f;ovvIcpHX1pg%3D;AM-12008-24-39600;395261;confirmada;confirmada;ministerio-salud-publica-bienestar-social;306;"Ministerio de Salud Pública y Bienestar Social";"Instituto Nacional del Cancer";1431-2024-53;80001446-4;"VICENTE SCAVONE & CIA. S.A.E";810000;PYG;Guaraníes;"2024-10-18 12:01:17";dix2iRRDbik%3D;;9c7817cf-0320-4392-97b6-4af56547dbea;covid-19
5br84kxl%2FvLIHSJt1UuTyyD3XsD5CaWAIZaYrbyq93f%2FqnaCsab%2B6g%3D%3D;b33736d98d0936f7268fe5ea7a5a7f9586aafadd;7nLnVqynbaY%3D;AM-24001-24-39356;395261;confirmada;confirmada;instituto-prevision-social;157;"Instituto de Previsión Social";"Uoc Ips";1321-2024-13;80001446-4;"VICENTE SCAVONE & CIA. S.A.E";1380600000;PYG;Guaraníes;"2024-10-15 16:08:53";dix2iRRDbik%3D;;9c7817cf-0320-4392-97b6-4af56547dbea;covid-19
c2uKe6SumERHZSbxPtYmEjhT4Zi8OSJLmYczRnUC9j0KTo8MAbbqvQ%3D%3D;a352d5efa59bf6d58e0923bfe22ba6f47b0afb11;Hg2ajwVZyWM%3D;AM-28001-24-37768;395261;confirmada;confirmada;universidad-nacional-asuncion;226;"Universidad Nacional de Asunción";"Facultad de Ciencias Medicas";1360-2024-73;80001446-4;"VICENTE SCAVONE & CIA. S.A.E";264825000;PYG;Guaraníes;"2024-09-13 13:08:40";dix2iRRDbik%3D;;9c7817cf-0320-4392-97b6-4af56547dbea;covid-19
X1HCMzFbLU8lFtUCceC3JjyThvDJ5r1tKNW496LyUHpdvs3k0hqSGA%3D%3D;c7e77544ad92ce4c4a9ef8a6b84d993a1bc99837;LaKwJxk1yNE%3D;AM-12003-24-37565;395261;confirmada;confirmada;ministerio-interior;299;"Ministerio del Interior";"Policia Nacional";1050-2024-551;80051446-7;"INTERLABO S.R.L.";64800000;PYG;Guaraníes;"2024-09-10 17:20:27";dix2iRRDbik%3D;1eee84e2-804e-6436-977e-9543c1ce9733;9c7817cf-0320-4392-97b6-4af56547dbea;covid-19
X1HCMzFbLU%2FTtW24JR5Z2iGc8FxVO7JuKNW496LyUHpdvs3k0hqSGA%3D%3D;40726bf5deccd738d4f105b2a0da21dc31c302d1;LaKwJxk1yNE%3D;AM-12003-24-37564;395261;confirmada;confirmada;ministerio-interior;299;"Ministerio del Interior";"Policia Nacional";1050-2024-550;80001446-4;"VICENTE SCAVONE & CIA. S.A.E";21000000;PYG;Guaraníes;"2024-09-10 17:16:00";dix2iRRDbik%3D;1eee84e2-804e-6436-977e-9543c1ce9733;9c7817cf-0320-4392-97b6-4af56547dbea;covid-19
5C0%2FAlIdhiOo6M5FSkriDiCOtXF7Xtwg3AooTmwqzUo6cekvta4mYA%3D%3D;0a2ed883d266f9a22081214372249ee5185f71f0;17KqeHkIXHE%3D;AM-12008-24-37133;395261;confirmada;confirmada;ministerio-salud-publica-bienestar-social;306;"Ministerio de Salud Pública y Bienestar Social";"Uoc Nro 1  Nivel Central (D.O.C)";1451-2024-192;80006850-5;"MATHER COMPANY SRL";2047500000;PYG;Guaraníes;"2024-08-30 18:57:38";dix2iRRDbik%3D;1eeeb039-51b9-6daa-91e6-1d61eebef17d;9c7817cf-0320-4392-97b6-4af56547dbea;covid-19
P9AJcwusTR2Tei32yps2W%2FrDTXw6DIczbk01nFLq8AqZAA%2BE%2Bm4jPg%3D%3D;d947d8e9d670d3d18f4bba6ae03a561b1a4d80d7;UZ6FDLbQRBg%3D;AM-12008-24-37132;395261;confirmada;confirmada;ministerio-salud-publica-bienestar-social;306;"Ministerio de Salud Pública y Bienestar Social";"Uoc Nro 1  Nivel Central (D.O.C)";1451-2024-193;80074991-0;"QUIMFA S.A.";2070000000;PYG;Guaraníes;"2024-08-30 18:57:34";dix2iRRDbik%3D;1eeeb039-51b9-6daa-91e6-1d61eebef17d;9c7817cf-0320-4392-97b6-4af56547dbea;covid-19
7%2FKHrjjVGb4n0ECSLkOgk1pEEHwbNv6093CH9NmVyqvASW3b9lYzhQ%3D%3D;1b298912ec28c7e599530c804916fb13edc28f81;GpPFycmvHAE%3D;AM-28001-24-35315;395261;confirmada;confirmada;universidad-nacional-asuncion;226;"Universidad Nacional de Asunción";"Facultad de Ciencias Medicas";1360-2024-54;80001446-4;"VICENTE SCAVONE & CIA. S.A.E";300484800;PYG;Guaraníes;"2024-07-24 10:22:18";dix2iRRDbik%3D;;9c7817cf-0320-4392-97b6-4af56547dbea;covid-19
IFsfY9C8o8neGKcCKCj7Fe28hAI4VOwmN%2B%2BAc9%2B4uhnxV8bpWKUPUw%3D%3D;a8d72301f3a01ef2dab85ba8a3d49e34c42a2624;YGdAVbWj9h0%3D;AM-28001-24-33632;395261;confirmada;confirmada;universidad-nacional-asuncion;226;"Universidad Nacional de Asunción";"Facultad de Ciencias Medicas";1360-2024-40;80001446-4;"VICENTE SCAVONE & CIA. S.A.E";183000000;PYG;Guaraníes;"2024-06-20 07:54:00";dix2iRRDbik%3D;;9c7817cf-0320-4392-97b6-4af56547dbea;covid-19
OBl%2FgfPA1ZQAP%2B6Xjcz71qaAKyZhJ24lsZAY%2Fa3TN0pkeHv%2BP%2FrPtA%3D%3D;8578441700b55d5db6c61830e13b0d557f523f2c;AuQFYIg81Tw%3D;AM-24001-24-33451;395261;confirmada;confirmada;instituto-prevision-social;157;"Instituto de Previsión Social";"Uoc Ips";1321-2024-6;80001446-4;"VICENTE SCAVONE & CIA. S.A.E";1716500000;PYG;Guaraníes;"2024-06-14 07:27:24";dix2iRRDbik%3D;;9c7817cf-0320-4392-97b6-4af56547dbea;covid-19
6oQRBbnrZUc%2B0epHNc06bnipFYRElU6U%2B5O9hs3K80fy4kNqJm95DA%3D%3D;b769cfb81dfb1c8cc4edfb1e5711c0310267c784;9IkGC6c7mZk%3D;AM-12003-24-33419;395261;confirmada;confirmada;ministerio-interior;299;"Ministerio del Interior";"Policia Nacional";1050-2024-298;80001446-4;"VICENTE SCAVONE & CIA. S.A.E";13800000;PYG;Guaraníes;"2024-06-13 08:46:02";dix2iRRDbik%3D;1eee84e2-804e-6436-977e-9543c1ce9733;9c7817cf-0320-4392-97b6-4af56547dbea;covid-19
9yw2K6Fdi3PeuTzWxrGPKRVBrfFT3DJimY%2BUZNhu5Rq0xbZ%2F%2BvbssA%3D%3D;13bf606692ffc85f8c385593f8d211878ba68451;j9MgvTa4qrg%3D;AM-12003-24-32463;395261;confirmada;confirmada;ministerio-interior;299;"Ministerio del Interior";"Policia Nacional";1050-2024-233;80001446-4;"VICENTE SCAVONE & CIA. S.A.E";121500000;PYG;Guaraníes;"2024-05-23 14:07:51";dix2iRRDbik%3D;1eee84e2-804e-6436-977e-9543c1ce9733;9c7817cf-0320-4392-97b6-4af56547dbea;covid-19
uVgd8TbJ9BhI7Mkgok4yQ5a5ZGNfwBi3i3r7lsqdzkAVpciMlEbWfA%3D%3D;cbbe1ee7fbe06987d37d0ce6a2914af550e32e4c;SvVIJH9C3x4%3D;AM-12008-24-31536;395261;confirmada;confirmada;ministerio-salud-publica-bienestar-social;306;"Ministerio de Salud Pública y Bienestar Social";"Uoc Nro 1  Nivel Central (D.O.C)";1451-2024-14;80074991-0;"QUIMFA S.A.";5251500000;PYG;Guaraníes;"2024-05-03 13:51:15";dix2iRRDbik%3D;1eeeb039-51b9-6daa-91e6-1d61eebef17d;9c7817cf-0320-4392-97b6-4af56547dbea;covid-19
RFGcwL5CBrYdT2dPcoRoy9YoMPO2%2FaZLWciaPyg3GiHUD5e%2Btio4oA%3D%3D;cd1db98eec1f5b61b4af9bfc3bdda9d4380dec9d;nHVWhsAOFqw%3D;AM-12008-24-31535;395261;confirmada;confirmada;ministerio-salud-publica-bienestar-social;306;"Ministerio de Salud Pública y Bienestar Social";"Uoc Nro 1  Nivel Central (D.O.C)";1451-2024-13;80074991-0;"QUIMFA S.A.";5251500000;PYG;Guaraníes;"2024-05-03 13:47:18";dix2iRRDbik%3D;1eeeb039-51b9-6daa-91e6-1d61eebef17d;9c7817cf-0320-4392-97b6-4af56547dbea;covid-19
ILxrAHliexY7gcgMAcwf41Zxz74otib2UZwFHKc6f0svvJzis%2FYZUg%3D%3D;2dcd7e97c0510e3d7c1efd70c588e49bc9c7c6ac;KJYRsgR5cbo%3D;AM-28001-24-29164;395261;confirmada;confirmada;universidad-nacional-asuncion;226;"Universidad Nacional de Asunción";"Facultad de Ciencias Medicas";1360-2024-1;80001446-4;"VICENTE SCAVONE & CIA. S.A.E";308700000;PYG;Guaraníes;"2024-03-19 12:41:35";dix2iRRDbik%3D;1eee2117-7d7c-6f5c-9552-df6c0ecbf95a;9c7817cf-0320-4392-97b6-4af56547dbea;covid-19
W979DrdV1%2F8%3D;02e999abee8f06486c5cb1161e3a82caa4da96ad;RaW2iA35nIY%3D;AM-12003-24-28513;395261;CONF_OC;"Confirmado Orden de Compra";policia-nacional;1050;"Policia Nacional / Ministerio del Interior";"Policia Nacional";30024;80074991-0;"QUIMFA S.A.";39200000;PYG;Guaraníes;"2024-02-19 08:00:52";;440309-insumos-medicos-medicamentos;395261-adquisicion-midazolam-atracurio-besilato-lucha-covid-19;COVID-19
rzHUnC5CpnQ%3D;2b504d340d131861446befbe8e3f5760d7bfcc24;A2LUV2JAaIo%3D;AM-12003-24-28405;395261;CONF_OC;"Confirmado Orden de Compra";policia-nacional;1050;"Policia Nacional / Ministerio del Interior";"Policia Nacional";29928;80051446-7;"INTERLABO S.R.L.";9240000;PYG;Guaraníes;"2024-02-15 07:24:08";;440309-insumos-medicos-medicamentos;395261-adquisicion-midazolam-atracurio-besilato-lucha-covid-19;COVID-19
h18clA5KL%2Bk%3D;f6a8a42be2809ff21c527bd7015170ad3b6628e9;P1ftUn5siKw%3D;AM-12008-24-28153;395261;CONF_OC;"Confirmado Orden de Compra";ministerio-salud-publica-bienestar-social;306;"Ministerio de Salud Pública y Bienestar Social (MSPBS)";"Uoc Nro 1  Nivel Central (D.O.C)";29619;80074991-0;"QUIMFA S.A.";5467500000;PYG;Guaraníes;"2024-01-25 14:44:15";;438979-adquisicion-medicamentos-e-insumos-uso-medico;395261-adquisicion-midazolam-atracurio-besilato-lucha-covid-19;COVID-19
wvLSLFb2XYI%3D;7e470cfe24783cdb7301654ca6d4736ca2ad5a75;4Pyj3PU7qTQ%3D;AM-12008-24-28152;395261;CONF_OC;"Confirmado Orden de Compra";ministerio-salud-publica-bienestar-social;306;"Ministerio de Salud Pública y Bienestar Social (MSPBS)";"Uoc Nro 1  Nivel Central (D.O.C)";29618;80006850-5;"MATHER COMPANY SRL";6142500000;PYG;Guaraníes;"2024-01-25 14:43:32";;438979-adquisicion-medicamentos-e-insumos-uso-medico;395261-adquisicion-midazolam-atracurio-besilato-lucha-covid-19;COVID-19
5jAihRWWNuo%3D;dda272b179326c0e04be507414fb72017dfe5aaf;lIgpTLbskIA%3D;AM-28001-23-27520;395261;CONF_OC;"Confirmado Orden de Compra";facultad-ciencias-medicas;1360;"Facultad de Ciencias Medicas / Universidad Nacional de Asunción";"Facultad de Ciencias Medicas";29016;80074991-0;"QUIMFA S.A.";25740000;PYG;Guaraníes;"2023-12-05 13:08:23";;431882-adquisicion-insumos-medicos-tienda-virtual;395261-adquisicion-midazolam-atracurio-besilato-lucha-covid-19;COVID-19
LWpdiMVe0pU%3D;bc236e18360a7065e5b19daa68e47c256a369907;XUKPQKU3ui8%3D;AM-12008-23-27030;395261;CONF_OC;"Confirmado Orden de Compra";ministerio-salud-publica-bienestar-social;306;"Ministerio de Salud Pública y Bienestar Social (MSPBS)";"Uoc Nro 1  Nivel Central (D.O.C)";28381;80074991-0;"QUIMFA S.A.";1549125000;PYG;Guaraníes;"2023-11-30 10:26:05";;428616-adquisicion-medicamentos-e-insumos-uso-medico;395261-adquisicion-midazolam-atracurio-besilato-lucha-covid-19;COVID-19
bYe97Hmzdh0%3D;012f3a0d69e47f0beb713ceac45a00b2333b5cfd;aJMA8vIhims%3D;AM-12008-23-25616;395261;CONF_OC;"Confirmado Orden de Compra";ministerio-salud-publica-bienestar-social;306;"Ministerio de Salud Pública y Bienestar Social (MSPBS)";"Uoc Nro 1  Nivel Central (D.O.C)";26892;80074991-0;"QUIMFA S.A.";3510000000;PYG;Guaraníes;"2023-11-07 13:17:40";;428616-adquisicion-medicamentos-e-insumos-uso-medico;395261-adquisicion-midazolam-atracurio-besilato-lucha-covid-19;COVID-19
qiTGaayRlA0%3D;432175224d358d9babac5817ec4fe2404ccdd67a;GI5XyYQjvBU%3D;AM-12003-23-24613;395261;CONF_OC;"Confirmado Orden de Compra";policia-nacional;1050;"Policia Nacional / Ministerio del Interior";"Policia Nacional";25733;80074991-0;"QUIMFA S.A.";25000000;PYG;Guaraníes;"2023-10-18 07:25:15";;424224-adquisicion-deinsumos-medicos-varios-tienda-virtual;395261-adquisicion-midazolam-atracurio-besilato-lucha-covid-19;COVID-19
YDdriYwrsDM%3D;cbda61bb6ef8f1f2b28d8f9b22d49db3b941bfb0;EBm%2F5prIrfo%3D;AM-12008-23-24303;395261;CONF_OC;"Confirmado Orden de Compra";ministerio-salud-publica-bienestar-social;306;"Ministerio de Salud Pública y Bienestar Social (MSPBS)";"Uoc Nro 1  Nivel Central (D.O.C)";25390;80015176-3;"MEDICINE S.A.";624000000;PYG;Guaraníes;"2023-10-11 10:13:31";;428616-adquisicion-medicamentos-e-insumos-uso-medico;395261-adquisicion-midazolam-atracurio-besilato-lucha-covid-19;COVID-19
kaU0bdxaEJc%3D;cd4c9ce223c21160ff7210757bdcb79752c12b42;4HVs45eH5L8%3D;AM-12008-23-23110;395261;CONF_OC;"Confirmado Orden de Compra";ministerio-salud-publica-bienestar-social;306;"Ministerio de Salud Pública y Bienestar Social (MSPBS)";"Uoc Nro 1  Nivel Central (D.O.C)";24059;80006850-5;"MATHER COMPANY SRL";2730000000;PYG;Guaraníes;"2023-09-13 16:48:38";;428616-adquisicion-medicamentos-e-insumos-uso-medico;395261-adquisicion-midazolam-atracurio-besilato-lucha-covid-19;COVID-19
BqUZBKq7PMI%3D;2b9f5bd50757d64da47f40294fa6b226d946ef2f;B58CIt4Oaq8%3D;AM-12008-23-22852;395261;CONF_OC;"Confirmado Orden de Compra";ministerio-salud-publica-bienestar-social;306;"Ministerio de Salud Pública y Bienestar Social (MSPBS)";"Uoc Nro 1  Nivel Central (D.O.C)";23700;80074991-0;"QUIMFA S.A.";2025000000;PYG;Guaraníes;"2023-09-05 08:18:02";;428616-adquisicion-medicamentos-e-insumos-uso-medico;395261-adquisicion-midazolam-atracurio-besilato-lucha-covid-19;COVID-19
f0wYMCqgHpc%3D;21bba6cd121b1fa9b13e4d7a32024ce51b57baf5;DCi7Kmf6qn4%3D;AM-12008-23-22853;395261;CONF_OC;"Confirmado Orden de Compra";ministerio-salud-publica-bienestar-social;306;"Ministerio de Salud Pública y Bienestar Social (MSPBS)";"Uoc Nro 1  Nivel Central (D.O.C)";23699;80074991-0;"QUIMFA S.A.";1755000000;PYG;Guaraníes;"2023-09-05 08:17:25";;428616-adquisicion-medicamentos-e-insumos-uso-medico;395261-adquisicion-midazolam-atracurio-besilato-lucha-covid-19;COVID-19
7fyNTl9sulA%3D;c554e06a4f4ad7d8ebf8af049d948c808ed2b91c;66GewRe4HVs%3D;AM-12008-23-21029;395261;CONF_OC;"Confirmado Orden de Compra";ministerio-salud-publica-bienestar-social;306;"Ministerio de Salud Pública y Bienestar Social (MSPBS)";"Uoc Nro 1  Nivel Central (D.O.C)";21541;80006850-5;"MATHER COMPANY SRL";236835000;PYG;Guaraníes;"2023-06-28 18:33:24";;428616-adquisicion-medicamentos-e-insumos-uso-medico;395261-adquisicion-midazolam-atracurio-besilato-lucha-covid-19;COVID-19
VRSqm7szxQc%3D;3a620b272c21b838f6205c6573be9e604d7900b9;PnuRzfyIMYY%3D;AM-12008-23-20970;395261;CONF_OC;"Confirmado Orden de Compra";ministerio-salud-publica-bienestar-social;306;"Ministerio de Salud Pública y Bienestar Social (MSPBS)";"Uoc Nro 1  Nivel Central (D.O.C)";21540;80074991-0;"QUIMFA S.A.";249992500;PYG;Guaraníes;"2023-06-28 18:32:53";;428616-adquisicion-medicamentos-e-insumos-uso-medico;395261-adquisicion-midazolam-atracurio-besilato-lucha-covid-19;COVID-19
7maFtpLOSsQ%3D;1a6003079ea3a4da1212034ae080125f06a138a3;jnGB7IIe7Ss%3D;AM-12003-23-19938;395261;CONF_OC;"Confirmado Orden de Compra";policia-nacional;1050;"Policia Nacional / Ministerio del Interior";"Policia Nacional";20456;80051446-7;"INTERLABO S.R.L.";211500000;PYG;Guaraníes;"2023-05-29 09:44:11";;424224-adquisicion-deinsumos-medicos-varios-tienda-virtual;395261-adquisicion-midazolam-atracurio-besilato-lucha-covid-19;COVID-19
8TcozQkEjq4%3D;33a8715da946c81f020fbbf3d19176f95447751f;r0KGprJOOKM%3D;AM-12008-23-17684;395261;CONF_OC;"Confirmado Orden de Compra";ministerio-salud-publica-bienestar-social;306;"Ministerio de Salud Pública y Bienestar Social (MSPBS)";"Uoc Nro 1  Nivel Central (D.O.C)";17888;80074991-0;"QUIMFA S.A.";1448750000;PYG;Guaraníes;"2023-03-23 11:39:51";;428616-adquisicion-medicamentos-e-insumos-uso-medico;395261-adquisicion-midazolam-atracurio-besilato-lucha-covid-19;COVID-19
UnFuNkwdbQg%3D;7e1dd81dd31858d6b8139632d740a25704d683a0;54%2FoqqcYkAg%3D;AM-12008-23-16888;395261;CONF_OC;"Confirmado Orden de Compra";ministerio-salud-publica-bienestar-social;306;"Ministerio de Salud Pública y Bienestar Social (MSPBS)";"Uoc Nro 1  Nivel Central (D.O.C)";17044;80074991-0;"QUIMFA S.A.";2227500000;PYG;Guaraníes;"2023-03-03 10:09:08";;428616-adquisicion-medicamentos-e-insumos-uso-medico;395261-adquisicion-midazolam-atracurio-besilato-lucha-covid-19;COVID-19
goNo3fDDjhk%3D;e03114ce9bd30f7a609f316ca8aab51985fa49ef;ZFAiKM9zvSs%3D;AM-12008-23-16889;395261;CONF_OC;"Confirmado Orden de Compra";ministerio-salud-publica-bienestar-social;306;"Ministerio de Salud Pública y Bienestar Social (MSPBS)";"Uoc Nro 1  Nivel Central (D.O.C)";17043;80006850-5;"MATHER COMPANY SRL";4600000000;PYG;Guaraníes;"2023-03-03 10:08:06";;428616-adquisicion-medicamentos-e-insumos-uso-medico;395261-adquisicion-midazolam-atracurio-besilato-lucha-covid-19;COVID-19
XLzQM6sju9A%3D;c4503fd5929596ff05c81ae30de1d6bcc10a824c;uQ6088CKGu4%3D;AM-28001-22-16105;395261;CONF_OC;"Confirmado Orden de Compra";facultad-ciencias-medicas;1360;"Facultad de Ciencias Medicas / Universidad Nacional de Asunción";"Facultad de Ciencias Medicas";16292;80051446-7;"INTERLABO S.R.L.";15990000;PYG;Guaraníes;"2022-12-12 13:01:19";;422273-adquisicion-gasa-guantes-tapaboca-n95-nudazolam-via-convenio-marco-n-36;395261-adquisicion-midazolam-atracurio-besilato-lucha-covid-19;COVID-19
vtvrDG6bPmA%3D;87c096d520a1dabb8ae6cb86e8d4598c5fc5c171;JM0yyLZ3OMQ%3D;AM-28001-22-15938;395261;CONF_OC;"Confirmado Orden de Compra";facultad-ciencias-medicas;1360;"Facultad de Ciencias Medicas / Universidad Nacional de Asunción";"Facultad de Ciencias Medicas";16052;80074991-0;"QUIMFA S.A.";68429400;PYG;Guaraníes;"2022-12-07 10:43:29";;422273-adquisicion-gasa-guantes-tapaboca-n95-nudazolam-via-convenio-marco-n-36;395261-adquisicion-midazolam-atracurio-besilato-lucha-covid-19;COVID-19
ghABv3F3WmU%3D;e42d683daa91f3cc074c025b336770a70d301422;yXRw7p5BLM8%3D;AM-28001-22-14190;395261;CONF_OC;"Confirmado Orden de Compra";facultad-ciencias-medicas;1360;"Facultad de Ciencias Medicas / Universidad Nacional de Asunción";"Facultad de Ciencias Medicas";13949;80074991-0;"QUIMFA S.A.";524511000;PYG;Guaraníes;"2022-10-13 09:03:26";;420219-adquisicion-midazolam-inyectable-via-convenio-marco-n-27;395261-adquisicion-midazolam-atracurio-besilato-lucha-covid-19;COVID-19
GWO%2FuugoT0g%3D;3205919b25f5ca60fc6977e8f7df21ada3fbb5e8;jOdK9ZLNKu0%3D;AM-24001-22-12830;395261;CONF_OC;"Confirmado Orden de Compra";instituto-prevision-social;157;"Instituto de Previsión Social (IPS)";"Uoc Ips";12390;80006850-5;"MATHER COMPANY SRL";12150000000;PYG;Guaraníes;"2022-08-18 17:17:01";;417673-adquisicion-midazolam-ampollas-tienda-virtual-ips;395261-adquisicion-midazolam-atracurio-besilato-lucha-covid-19;COVID-19
gqcpQwgWSLE%3D;ac099d6363a3def515cc1ea598d14d97926473bf;uvR9v%2F6C7fE%3D;AM-28001-22-12099;395261;CONF_OC;"Confirmado Orden de Compra";facultad-ciencias-medicas;1360;"Facultad de Ciencias Medicas / Universidad Nacional de Asunción";"Facultad de Ciencias Medicas";11524;80001446-4;"VICENTE SCAVONE & CIA. S.A.E";114030000;PYG;Guaraníes;"2022-07-18 11:34:22";;416700-adquisicion-midazolam-tienda-virtual;395261-adquisicion-midazolam-atracurio-besilato-lucha-covid-19;COVID-19
wf4NfEdeMi0%3D;aeb8bbaa1659b9ca0eb8cbed2dc4811bc864d5f2;nvA8bZhHSAg%3D;AM-12008-22-11777;395261;CONF_OC;"Confirmado Orden de Compra";ministerio-salud-publica-bienestar-social;306;"Ministerio de Salud Pública y Bienestar Social (MSPBS)";"Uoc Nro 1  Nivel Central (D.O.C)";11171;80074991-0;"QUIMFA S.A.";390000000;PYG;Guaraníes;"2022-07-04 12:40:14";;412514-adquisicion-insumos-productos-uso-medico;395261-adquisicion-midazolam-atracurio-besilato-lucha-covid-19;COVID-19
VLr%2Bt0sEYvg%3D;dae58d468d9602885cfad61a2f49d46abc9d19d1;eJDajXv%2BPAc%3D;AM-28001-22-10231;395261;CONF_OC;"Confirmado Orden de Compra";facultad-ciencias-medicas;1360;"Facultad de Ciencias Medicas / Universidad Nacional de Asunción";"Facultad de Ciencias Medicas";9523;80074991-0;"QUIMFA S.A.";218400000;PYG;Guaraníes;"2022-04-28 12:29:05";;414260-adquisicion-midazolam-inyectable;395261-adquisicion-midazolam-atracurio-besilato-lucha-covid-19;COVID-19
TyXhkV4gf2c%3D;96f139250947d41e7d04a0e127fbad7a17b31387;iBSjbaF7Qho%3D;AM-12005-21-8552;395261;CONF_OC;"Confirmado Orden de Compra";comando-logistico-uoc-5;1028;"Comando Logistico Uoc 5 / Ministerio de Defensa Nacional";"Comando Logistico Uoc 5";7671;80051446-7;"INTERLABO S.R.L.";200000000;PYG;Guaraníes;"2021-12-16 14:02:09";;405168-adquisicion-midazolan-besilato-atracurio-disersanfa;395261-adquisicion-midazolam-atracurio-besilato-lucha-covid-19;COVID-19
5SAS2dMsHt0%3D;cf0faa5973f9551a1d2a7894c93099506e78ff3b;iBSjbaF7Qho%3D;AM-12005-21-8551;395261;CONF_OC;"Confirmado Orden de Compra";comando-logistico-uoc-5;1028;"Comando Logistico Uoc 5 / Ministerio de Defensa Nacional";"Comando Logistico Uoc 5";7672;80074991-0;"QUIMFA S.A.";283635000;PYG;Guaraníes;"2021-12-16 14:02:09";;405168-adquisicion-midazolan-besilato-atracurio-disersanfa;395261-adquisicion-midazolam-atracurio-besilato-lucha-covid-19;COVID-19
Iaea2UN4ukA%3D;db93459e841671af159862f59acaaaf8bf593d46;JJrz6fGBl84%3D;AM-12005-21-8543;395261;CONF_OC;"Confirmado Orden de Compra";comando-logistico-uoc-5;1028;"Comando Logistico Uoc 5 / Ministerio de Defensa Nacional";"Comando Logistico Uoc 5";7659;80006850-5;"MATHER COMPANY SRL";159100000;PYG;Guaraníes;"2021-12-16 10:28:20";;403385-adquisicion-atracurio-besilato;395261-adquisicion-midazolam-atracurio-besilato-lucha-covid-19;COVID-19
ncdPJuA6Qeo%3D;c0eee52a08bac4bc41277ee0d5fd9a523ce8b346;3nrnbFLFFFE%3D;AM-24001-21-7974;395261;CONF_OC;"Confirmado Orden de Compra";instituto-prevision-social;157;"Instituto de Previsión Social (IPS)";"Uoc Ips";7068;80025218-7;"DROGUEPAR S.A.";4140000000;PYG;Guaraníes;"2021-11-26 11:20:52";;404235-adquisicion-besilato-atracurio-inyectable-ips;395261-adquisicion-midazolam-atracurio-besilato-lucha-covid-19;COVID-19
Mnu7n%2FWeKmA%3D;bae5c9d883433f2d1e926ef693831dafa1664306;TToEk7Eu19o%3D;AM-12005-21-7913;395261;CONF_OC;"Confirmado Orden de Compra";comando-logistico-uoc-5;1028;"Comando Logistico Uoc 5 / Ministerio de Defensa Nacional";"Comando Logistico Uoc 5";6985;80025218-7;"DROGUEPAR S.A.";450000000;PYG;Guaraníes;"2021-11-24 09:34:18";;403385-adquisicion-atracurio-besilato;395261-adquisicion-midazolam-atracurio-besilato-lucha-covid-19;COVID-19
KNSPXUTUqgY%3D;741fe4fc5da09d02106b3952c544c8004c7fd37c;TToEk7Eu19o%3D;AM-12005-21-7911;395261;CONF_OC;"Confirmado Orden de Compra";comando-logistico-uoc-5;1028;"Comando Logistico Uoc 5 / Ministerio de Defensa Nacional";"Comando Logistico Uoc 5";6986;80074991-0;"QUIMFA S.A.";500000000;PYG;Guaraníes;"2021-11-24 09:34:18";;403385-adquisicion-atracurio-besilato;395261-adquisicion-midazolam-atracurio-besilato-lucha-covid-19;COVID-19
fsuCu1a0yDM%3D;cde4d0dbd5b04ebd840b98e85945d6e3f30632ba;BHX4OUbS1TE%3D;AM-12008-21-7817;395261;CONF_OC;"Confirmado Orden de Compra";ministerio-salud-publica-bienestar-social;306;"Ministerio de Salud Pública y Bienestar Social (MSPBS)";"Uoc Nro 1  Nivel Central (D.O.C)";6874;80001446-4;"VICENTE SCAVONE & CIA. S.A.E";1800000000;PYG;Guaraníes;"2021-11-19 15:11:25";;397242-adquisicion-atracurio-besilato-lucha-covid-19;395261-adquisicion-midazolam-atracurio-besilato-lucha-covid-19;COVID-19
oycwsSHF3sE%3D;dea879d9bb8f3c1b2f947fd014b2c9a6787c1b0e;ox2863SSM7s%3D;AM-12005-21-7781;395261;CONF_OC;"Confirmado Orden de Compra";comando-logistico-uoc-5;1028;"Comando Logistico Uoc 5 / Ministerio de Defensa Nacional";"Comando Logistico Uoc 5";6849;80006850-5;"MATHER COMPANY SRL";415000000;PYG;Guaraníes;"2021-11-19 07:55:10";;403385-adquisicion-atracurio-besilato;395261-adquisicion-midazolam-atracurio-besilato-lucha-covid-19;COVID-19
snt7N6N3maQ%3D;83c3e5925aed194ee24cca1ee1168fc5032b616a;ox2863SSM7s%3D;AM-12005-21-7780;395261;CONF_OC;"Confirmado Orden de Compra";comando-logistico-uoc-5;1028;"Comando Logistico Uoc 5 / Ministerio de Defensa Nacional";"Comando Logistico Uoc 5";6850;80025218-7;"DROGUEPAR S.A.";450000000;PYG;Guaraníes;"2021-11-19 07:55:10";;403385-adquisicion-atracurio-besilato;395261-adquisicion-midazolam-atracurio-besilato-lucha-covid-19;COVID-19
MsMD1r9Cork%3D;9c12a91a195395bc7e7335b3d9938f87acc46112;p6tuKZtihxA%3D;AM-24001-21-7653;395261;CONF_OC;"Confirmado Orden de Compra";instituto-prevision-social;157;"Instituto de Previsión Social (IPS)";"Uoc Ips";6689;80001446-4;"VICENTE SCAVONE & CIA. S.A.E";4402580000;PYG;Guaraníes;"2021-11-15 11:13:55";;404236-adquisicion-midazolam-inyectable-ips;395261-adquisicion-midazolam-atracurio-besilato-lucha-covid-19;COVID-19
Z%2BrkU%2BwzN%2B0%3D;cc8b77ea668beae35cedf5bb93c3003d5868e89b;t1diL0l3wBk%3D;AM-12008-21-7182;395261;CONF_OC;"Confirmado Orden de Compra";ministerio-salud-publica-bienestar-social;306;"Ministerio de Salud Pública y Bienestar Social (MSPBS)";"Uoc Nro 1  Nivel Central (D.O.C)";6118;80001446-4;"VICENTE SCAVONE & CIA. S.A.E";800000000;PYG;Guaraníes;"2021-10-25 16:05:54";;397242-adquisicion-atracurio-besilato-lucha-covid-19;395261-adquisicion-midazolam-atracurio-besilato-lucha-covid-19;COVID-19
5IyMN0CVmRs%3D;7f811b6c10d4f28e064862777b1ec5f453cdf165;t1diL0l3wBk%3D;AM-12008-21-7180;395261;CONF_OC;"Confirmado Orden de Compra";ministerio-salud-publica-bienestar-social;306;"Ministerio de Salud Pública y Bienestar Social (MSPBS)";"Uoc Nro 1  Nivel Central (D.O.C)";6119;80001916-4;"SCAVONE HERMANOS SA";980000000;PYG;Guaraníes;"2021-10-25 16:05:54";;397242-adquisicion-atracurio-besilato-lucha-covid-19;395261-adquisicion-midazolam-atracurio-besilato-lucha-covid-19;COVID-19
gikb7U2o044%3D;a8e051ea7d9992d7eeec598bcb0a999b5b6289e8;teeZE0gMLF8%3D;AM-24001-21-6174;395261;CONF_OC;"Confirmado Orden de Compra";instituto-prevision-social;157;"Instituto de Previsión Social (IPS)";"Uoc Ips";4944;80001916-4;"SCAVONE HERMANOS SA";4900000000;PYG;Guaraníes;"2021-09-02 09:12:52";;;395261-adquisicion-midazolam-atracurio-besilato-lucha-covid-19;COVID-19
VcxC4COmAIc%3D;4441feff03d5ca4a8bf51b00584298f071c826bd;TMnc7khKqO0%3D;AM-12008-21-5358;395261;RECIB_OC;"Orden de compra recibida";ministerio-salud-publica-bienestar-social;306;"Ministerio de Salud Pública y Bienestar Social (MSPBS)";"Uoc Nro 1  Nivel Central (D.O.C)";3944;80025218-7;"DROGUEPAR S.A.";8250000000;PYG;Guaraníes;"2021-06-29 12:19:12";;397242-adquisicion-atracurio-besilato-lucha-covid-19;395261-adquisicion-midazolam-atracurio-besilato-lucha-covid-19;COVID-19
ZXyMwSZZ2KU%3D;f9c6f5a41e9e19281c0cc45fee9c9a09f4c18287;TMnc7khKqO0%3D;AM-12008-21-5359;395261;CONF_OC;"Confirmado Orden de Compra";ministerio-salud-publica-bienestar-social;306;"Ministerio de Salud Pública y Bienestar Social (MSPBS)";"Uoc Nro 1  Nivel Central (D.O.C)";3943;80006850-5;"MATHER COMPANY SRL";3772980000;PYG;Guaraníes;"2021-06-29 12:19:11";;397242-adquisicion-atracurio-besilato-lucha-covid-19;395261-adquisicion-midazolam-atracurio-besilato-lucha-covid-19;COVID-19
2R2%2FlnSx78c%3D;6492bd17e79d1befee524ea6bafbad08686d08c4;R%2FzF4DhIDJo%3D;AM-24001-21-5261;395261;CONF_OC;"Confirmado Orden de Compra";instituto-prevision-social;157;"Instituto de Previsión Social (IPS)";"Uoc Ips";3826;80001916-4;"SCAVONE HERMANOS SA";4050000000;PYG;Guaraníes;"2021-06-21 08:54:25";;399202-compra-3-758-370-ml-midazolam-5-mg-5-ml-ampolla-tienda-virtual-habilitada-portal-dir;395261-adquisicion-midazolam-atracurio-besilato-lucha-covid-19;COVID-19
XhYTPkW%2FHa8%3D;88070560d6aaf66859696c54dd01310f73644c66;XxLPNn3lRlg%3D;AM-24001-21-5157;395261;CONF_OC;"Confirmado Orden de Compra";instituto-prevision-social;157;"Instituto de Previsión Social (IPS)";"Uoc Ips";3696;80001446-4;"VICENTE SCAVONE & CIA. S.A.E";3582000000;PYG;Guaraníes;"2021-06-11 13:20:35";;399086-compra-1-650-000-ml-atracurio-besilato-50mg-5ml-ampolla-tienda-virtual-habilitada-po;395261-adquisicion-midazolam-atracurio-besilato-lucha-covid-19;COVID-19
%2Bo43TijQ0Eo%3D;1fa330b3628e3928d9c092a9807fb48859400c93;6o1BJm4NGZ4%3D;AM-24001-21-5158;395261;CONF_OC;"Confirmado Orden de Compra";instituto-prevision-social;157;"Instituto de Previsión Social (IPS)";"Uoc Ips";3475;80006850-5;"MATHER COMPANY SRL";1237500000;PYG;Guaraníes;"2021-05-21 13:41:30";;398202-compra-75-000-ampollas-midazolam-15-mg-inyectable-tienda-virtual-habilitada-portal;395261-adquisicion-midazolam-atracurio-besilato-lucha-covid-19;COVID-19
x0lJl7p7%2B%2Bo%3D;b5f175ef6f57f1773ab5615946a6080f06a5fc71;ajPXD1XuYaw%3D;AM-24001-21-4633;395261;CONF_OC;"Confirmado Orden de Compra";instituto-prevision-social;157;"Instituto de Previsión Social (IPS)";"Uoc Ips";3076;80001446-4;"VICENTE SCAVONE & CIA. S.A.E";1492500000;PYG;Guaraníes;"2021-04-26 17:13:17";;397611-compra-75-000-setenta-cinco-mil-ampollas-atracurio-besilato-50mg-ml-tienda-virtual;395261-adquisicion-midazolam-atracurio-besilato-lucha-covid-19;COVID-19
GY1YZani%2BZI%3D;a50a845099a8b7df54e54df1463cde1c498abcdc;R0mNmjRQaYE%3D;AM-12008-21-4518;395261;CONF_OC;"Confirmado Orden de Compra";ministerio-salud-publica-bienestar-social;306;"Ministerio de Salud Pública y Bienestar Social (MSPBS)";"Uoc Nro 1  Nivel Central (D.O.C)";2919;80001446-4;"VICENTE SCAVONE & CIA. S.A.E";802965000;PYG;Guaraníes;"2021-04-16 15:47:31";;397242-adquisicion-atracurio-besilato-lucha-covid-19;395261-adquisicion-midazolam-atracurio-besilato-lucha-covid-19;COVID-19
